Metropolitan Detention Center Brooklyn,7188405005,http://www.yelp.com/biz/metropolitan-detention-center-brooklyn
United States Penitentiary Leavenworth,9135781010,http://www.yelp.com/biz/united-states-penitentiary-leavenworth-leavenworth
Metropolitan Detention Center Los Angeles,2132539510,http://www.yelp.com/biz/metropolitan-detention-center-los-angeles
Metropolitan Correctional Center Chicago,3123474012,http://www.yelp.com/biz/metropolitan-correctional-center-chicago
Sing Sing Correctional Facility,9149410108,http://www.yelp.com/biz/sing-sing-correctional-facility-ossining
Correctional Institution D Ray James,9124967806,http://www.yelp.com/biz/cornell-corrections-d-ray-james-state-prison-folkston
Federal Correctional Facility Dublin,9258337599,http://www.yelp.com/biz/fci-dublin-federal-correctional-institution-dublin
Fort Dix Federal Correctional Institution,6097247557,http://www.yelp.com/biz/federal-bureau-of-prisons-ft-dix-trenton
Honolulu Federal Detention Center,8088384507,http://www.yelp.com/biz/federal-detention-center-honolulu
Philadelphia Federal Detention Center,2155217220,http://www.yelp.com/biz/federal-detention-center-philadelphia
Federal Correctional Institution Tallahassee,8506716105,http://www.yelp.com/biz/federal-correctional-institution-tallahassee
Correctional Institution Willacy County,9566900218,http://www.yelp.com/biz/willacy-detention-center-raymondville
